,0,1,2,3,4,5,6,7,8,9,10,11,12,13,14,15,16,17,18,19,20,21,22,23,24
0,"(1.0758658101649137, 0.6475279176527022)","(0.5107669284264952, 0.4562912124291363)","(0.045007688300748055, 0.052425472619597)","(-0.07572176257045696, -0.3396916776393251)","(-0.21154872369774647, -0.14813774059402215)","(-0.1282253332042605, -0.04455801943693378)","(0.9289827867793355, 0.8728221669752763)","(-0.03954520226214034, -0.0019667836461362007)","(-0.060359741766864955, -0.02207282023743043)","(-0.14860447504878796, -0.002084575807038979)","(-1.0074033822262831, -1.0193454489377016)","(0.28244353615355206, 0.059138520498283956)","(0.4015313900068975, 0.1581361270111278)","(0.1706330374570723, -0.029856671038732237)","(0.09552970644648873, -0.5390379944628216)","(0.17840710699561912, 0.15934074297286346)","(-0.32723079080280715, -0.17321133219076726)","(0.12526186292756158, 0.1267006282475712)","(1.0655785146297094, 0.4709215831358006)","(0.22597098567117974, 0.21024218214927887)","(-0.055370387512947095, -0.016554139753538706)","(0.8045375250993225, 0.41181923507554596)","(0.3076411982459665, -0.09611301651666931)","(0.2122131621226882, 0.24855077721027122)","(0.2126509169881207, 0.04082440011799531)"
1,"(0.49071264831648176, 0.28073693584028725)","(-0.12506848830463702, 0.09814918056413985)","(-0.05996840216776039, 0.07733224978657441)","(-0.05216619321257909, -0.03885797867748317)","(-0.5112962864391648, 0.25883956973947947)","(-0.055323892856136765, 0.06655420982061627)","(0.3264372101232124, 0.4212787252246851)","(-0.0475955923501756, -0.009276511788633729)","(0.019269700170511814, -0.03327029843010993)","(-0.07796000808794651, 0.22175816686833877)","(-0.6183660165853766, -0.2741845166493343)","(0.167581619479611, 0.2813333835508391)","(0.09529309495006341, -0.09838989591280316)","(-0.025720545193182686, -0.05825526954015676)","(-0.7861218267995241, 0.10560616885864921)","(0.03407908653356848, -0.008454689073913417)","(-0.035768425197107975, 0.10752919853865119)","(-0.14394949579247912, -0.07092423986388768)","(-0.1343383705808876, 0.1412643021736394)","(0.25323484119694684, 0.1442157992138058)","(0.03480907214253558, 0.025979812706269142)","(-0.3653791592364735, 0.25495500595315923)","(0.273975870536001, 0.030626302108868218)","(-0.08237029580723865, -0.00796972063356266)","(0.07495853389071847, 0.1008920372059679)"
2,"(-0.514578191563571, -0.25377140055724295)","(-0.15196877590348545, -0.20309964494558497)","(-0.03639548489365921, -0.03887933284290204)","(-0.35358448304621354, 0.16613494746011587)","(0.1492589639044261, -0.09029284521133281)","(-0.01789032315430581, 0.0014856355914944824)","(-0.0653104827938566, -0.21190660704953335)","(0.09907837413201344, 0.02631237823568935)","(0.010935657033179932, 0.03256977575259193)","(-0.11615252960004732, -0.17039963829332003)","(0.11635805229537455, 0.26873958741670456)","(0.4874967779820163, 0.24605227831928395)","(-0.4177791864697284, -0.1476669230599047)","(-0.22756846066477476, -0.2569066037176935)","(-0.19775494278220318, 0.2564613018736797)","(0.01665737218738527, -0.03150971991105411)","(-0.12919858825976435, -0.12243879517666421)","(-0.12491061997174097, -0.08460942889549612)","(-0.42448267481346896, -0.20772985223525237)","(-0.14367941985374022, -0.1921339357233856)","(0.13202104614651378, 0.05859360153130513)","(0.3358286678801888, 0.37314690112045074)","(-0.6034441843058787, -0.17574949020305683)","(0.05970610108894871, -0.014549382388321984)","(-0.0297052348336908, 0.03088956548591958)"
3,"(-0.3703265218330274, -0.16604372767877126)","(0.5179297697515699, 0.1953589154585705)","(0.24756013790854714, 0.13993875197821182)","(1.8589625635968519, 0.5276903308871039)","(-0.2156232469953096, -0.037600218898158684)","(0.01857321747309184, 0.06540341658683468)","(-1.9924328167852674, -0.658812827577213)","(0.017029778487458905, 0.059556073276464526)","(0.021892631145999698, 0.04187406377669062)","(-0.09469973350853758, 0.10687644096218837)","(-1.3250004240893376, -0.4162527051852232)","(-1.9595769003233463, -0.4297603724447725)","(0.4742253530635956, 0.03834156947517577)","(0.7882439990139722, 0.08159209167493703)","(0.8777285601283153, 0.626065620390743)","(0.04553260906565146, 0.15020618363496857)","(0.23244150573641598, 0.1317206823413683)","(0.007842373892269883, 0.06894367395240501)","(0.01499687339095146, -0.11386354024034119)","(0.48778482288839453, 0.28627520910463616)","(-0.18608846014764974, 0.042412098607838705)","(-2.0002042442158405, -0.4764821398695455)","(-0.10991577209461195, -0.04507078365994068)","(-0.05341738577543431, 0.22798978221826388)","(0.004692881044760108, 0.07035301743732031)"
4,"(-0.08836942705898741, -0.2949692024941475)","(0.18968696831776002, 0.000637898572780394)","(0.26563453899399375, 0.40048708239078473)","(-0.0633464616421604, 0.2407926776602226)","(0.0034849785902189845, -0.026486037863977813)","(0.1617856534868373, 0.1407301210335009)","(0.032120254499062806, -0.28779051666353345)","(0.050608312301482966, 0.031146316853939284)","(0.038589087577678066, 0.0015726684942462014)","(0.26777443235213993, 0.3537426932521456)","(1.1681614024733722, 0.5508511526532213)","(0.22206320355360418, 0.044315118889346264)","(0.10121064592445783, 0.08833174715529461)","(0.05460882919696419, 0.02734931655533614)","(0.3415797839097495, 0.7242754808653532)","(-0.06520508562048817, -0.06231240300261426)","(0.12501418926609148, 0.021185999301573086)","(0.0803742221482486, -0.04359233611378681)","(-0.1034701334099616, -0.24111061063159053)","(0.4146803112114069, 0.3741016679094001)","(0.1389056343429073, 0.040819439270827575)","(-0.27871152037034314, -0.19417577078365197)","(0.23661903262694006, 0.1598352026176729)","(0.22337430925434001, 0.06002764701096145)","(-0.09269951418321953, -0.15696451260930103)"
5,"(-0.17162808560368029, -0.22967264605284368)","(-0.2605723868261603, -0.32296579434788325)","(-0.15393113093957458, -0.04267180887887485)","(0.00021904377862203006, -0.012452305217175887)","(-0.5646330949066631, -0.5793411322347168)","(-0.1053862889086558, -0.07812632513686907)","(-0.11385677011212622, -0.14914060496832066)","(-0.05553146571483318, -0.04582089093419253)","(-0.05413076667853414, -0.0628270389106695)","(-0.04030655271056903, -0.041795058519715794)","(-1.3658961412262998, -1.5177270233590927)","(0.001253329877272058, -0.005569803382652012)","(0.04151676463520521, -0.06133477301904332)","(-0.4462075917537408, -0.47595986434690485)","(-1.0563079454477389, -0.8897537148579567)","(-0.08597423498501354, -0.0740284724329467)","(-0.01051423044310218, 0.03486916960147458)","(-0.52442585205355, -0.7891305322935805)","(-0.6105545849276401, -0.8683691133721856)","(0.03911447350704961, 0.015140913095743936)","(-0.028076270095075864, -0.03570603449429897)","(-0.4484539014033466, -0.4491904602856903)","(0.15422375341229388, 0.2985285594240593)","(-0.1062004602199155, -0.06078108542255854)","(-0.006126903775762915, -0.002060730675499417)"
6,"(0.5936117906043537, 0.12676034356016375)","(0.1998632364110547, 0.3312716349096781)","(0.2716480094074687, 0.09249915712609608)","(0.558232990531998, 0.5071099786202722)","(-0.01780727306894582, 0.042830654408086394)","(0.15220813872265132, 0.0010392329391268793)","(0.3453192119053142, -0.20026341285594182)","(0.014936941154824433, 0.022801125845546156)","(0.15858945230947022, 0.05407958030988558)","(-0.02147812710689897, 0.06673025461547213)","(1.3616729630209623, -0.2960981538632134)","(0.41807446488367095, -0.3067256784505179)","(-0.0499563468000864, 0.005357261424551795)","(0.09821733083926766, 0.24870455909708394)","(1.05521617764133, 0.19622806866076653)","(0.12013306157526885, 0.14401266754556064)","(0.11283300937828505, 0.11061839710167239)","(0.09039228496325782, 0.12541448612954717)","(0.2100892649201229, 0.11194355496063017)","(0.08852993593277768, 0.1992758687063968)","(0.17008635489561078, 0.026583489545840312)","(0.4747810775923506, -0.4048553902441832)","(0.6878459786962723, 0.032221404753270275)","(0.18082116231881, 0.07886090783935268)","(0.291180039625964, 0.14155520372065428)"
7,"(0.14942257178255208, 0.2966190240551438)","(-0.13657779165986006, 0.2638696698189045)","(-0.30241189103262056, -0.07572497336172813)","(-0.09777849832981103, 0.3592634630265193)","(-0.23623488508452561, -0.23587378002581666)","(-0.043135957335237105, -0.08809584571763021)","(0.07147423579605608, 0.07091986640275083)","(0.002273450255452388, -0.037817197872086525)","(-0.018854483918825125, 0.008399713564868478)","(-0.5067425605778045, -0.10391446486835049)","(-0.44808767523393356, -0.6379301796129685)","(0.07236481306195906, -0.18518769927570955)","(0.04027792672048005, 0.1602354180870201)","(-0.13539041065750557, 0.09409205577669953)","(-0.8786637945620616, -0.41642473018489606)","(-0.184785166495097, 0.042969476448457535)","(-0.2645018475595233, -0.07080163847888797)","(0.033255480997060306, 0.0593508158924153)","(0.15724519299391904, 0.24372354123813353)","(-0.058910929889645136, 0.09322037743992898)","(0.017265916798950332, -0.03028949540159451)","(0.10743179277611273, -0.2659241379828106)","(-0.8195969819426586, 0.04532075427284394)","(-0.2011762105412805, -0.03996493566280265)","(-0.052898944100354534, 0.10143334034667098)"
8,"(0.4166294890052585, 0.3585513081553803)","(0.9102336968038716, 0.3833037324697425)","(0.18651648986382724, 0.1256902256377404)","(-0.09195063954899044, 0.32442242279463523)","(0.06092791193787907, 0.07686434870033015)","(0.02704477630009825, 0.015963336307987717)","(0.5628884713569223, 0.20546153618533666)","(0.012195823545083952, -0.00586733790082716)","(0.008534054142229082, 0.05760528090273084)","(0.26164594524344376, 0.14774786229410128)","(-1.3321937461839022, 0.08797371172362092)","(-0.25782750328396403, -0.09509435633186115)","(-0.45116671152481913, -0.0052512061726175795)","(0.16538271743403601, 0.2677876211582575)","(-0.28387838158583434, 0.18455702377826314)","(0.5030053382302906, 0.1585475080293794)","(-0.04656825273706322, 0.11939345092947545)","(0.23464839300552878, 0.16694269458358899)","(-0.08368922126555295, 0.21709267702964963)","(0.1233549056916621, 0.16648192683675356)","(-0.03165949560999514, 0.027746404282855103)","(-0.5462541904739753, -0.2350562914653615)","(-0.10556892909952631, 0.30722190427825213)","(0.5164001307800787, 0.10035680933052801)","(0.023834112424417492, 0.1516552830184557)"
9,"(0.129791105430749, 0.8331797312970486)","(-0.6379496412789398, -0.10331407001594231)","(-0.1991643471006128, -0.03972695056596071)","(-1.2332478799015414, -0.5922562909284794)","(-0.39913569832933604, -0.2718122757211785)","(0.10148900978194197, -0.02987370791348663)","(0.6709333063251901, 0.7341375275107809)","(0.048749516643474225, -0.001267334787150927)","(-0.002490424280415085, -0.06254923940721656)","(-0.431739275952309, -0.3451964835608417)","(-0.9309537244818644, -1.211837164593685)","(-0.7969183094343473, -0.2037143937375581)","(0.6272897640584054, 0.42009988357404704)","(-0.4112116123031287, 0.0866132975498458)","(-2.4512299009449334, -0.6804641283566837)","(-0.533194954606849, -0.07408594762610914)","(0.06523526725812946, -0.18808919319071912)","(-0.13797765618667163, -0.06768380976373287)","(-0.1381224269850082, 0.5641564415689202)","(0.3081495678375158, 0.28380955725327695)","(-0.04225351084264012, -0.08734539849742048)","(0.2675191575864865, 0.5190881188088219)","(-1.3468101976649365, -0.4009330452503094)","(-0.2958224785266391, -0.02918781943239421)","(-0.476892257940944, -0.05660441160951928)"
10,"(-0.5224115733034609, -0.27728631925407976)","(-0.45546186589248616, 0.13866278033857446)","(-0.16392863336213379, 0.20566342761535794)","(0.003095002017188847, -0.035134265864666385)","(0.07053992453194602, 0.25703498977073214)","(-0.12595506210224455, 0.004096453961362622)","(-0.5556356202530628, 0.04857778311502712)","(-0.08564909281482412, 0.019663127922149526)","(-0.057458279558700726, 0.05164166441229821)","(-0.10406193437763692, 0.05212710417262778)","(-0.0007381852462686744, 1.0324051532747687)","(-0.20003468257506915, 0.6333942782358608)","(-0.13737506069434652, -0.20339025128203503)","(0.10049739751478312, 0.21441244008519872)","(-0.0813584428315593, -0.050342639070314985)","(-0.057364684811348994, 0.015246073038099228)","(-0.19337093801068617, -0.06718223300360018)","(0.049275650583009506, 0.043350708227095136)","(-0.20868774921167516, -0.09712150320801372)","(-0.5860921217799221, -0.13476510048544177)","(-0.1901951782489405, 0.1375068902393015)","(-0.13354444995690284, 0.11781995503292024)","(-0.09190705244200326, 0.23790271891629206)","(-0.46112084993372193, -0.14841177331178615)","(-0.2186469740753327, -0.027729505541830114)"
11,"(nan, 0.6304482609254053)","(nan, 0.06260296761098252)","(nan, -0.06648660602602513)","(nan, -0.5761778430188687)","(nan, -0.2675524270236928)","(nan, -0.1098573406064124)","(nan, 0.866848714324403)","(nan, -8.284669592130404e-05)","(nan, -0.07313369604921291)","(nan, -0.29767368629605667)","(nan, -1.1659195155913058)","(nan, 0.03216069023002146)","(nan, 0.5747174917880281)","(nan, -0.08423297411626678)","(nan, -0.9701252835298203)","(nan, -0.14032412042924708)","(nan, -0.2951004235428062)","(nan, -0.01782955498558929)","(nan, 0.7579784377865869)","(nan, 0.24148045984321756)","(nan, -0.05451585395038093)","(nan, 0.8799295775149131)","(nan, -0.418496914474617)","(nan, -0.04425042381841808)","(nan, -0.05081352706312914)"
12,"(nan, 0.5473761873215828)","(nan, 0.11575296172750321)","(nan, 0.030946218072626593)","(nan, 0.18451805237949961)","(nan, -0.43260491257550865)","(nan, 0.033067902576213594)","(nan, 0.24936603177023398)","(nan, -0.030920357171441402)","(nan, 0.03226978528573638)","(nan, -0.1794048137734145)","(nan, -0.5280966838798823)","(nan, 0.023664839656839604)","(nan, 0.04562473925797187)","(nan, 0.06667666757596726)","(nan, -0.570928516130816)","(nan, 0.019652614646065075)","(nan, -0.08106973862214362)","(nan, -0.06430289290862658)","(nan, -0.04049663263859447)","(nan, 0.27292703585208405)","(nan, 0.04110858370017925)","(nan, -0.4304567495402478)","(nan, 0.021134473548973187)","(nan, -0.03172055760822033)","(nan, 0.03765808570870891)"
13,"(nan, -0.5392735613862785)","(nan, -0.054467611160699286)","(nan, 0.009730025535779313)","(nan, -0.1145241541591906)","(nan, 0.2180158465174257)","(nan, -0.03158602810767976)","(nan, -0.2258517526161091)","(nan, 0.09399828025434799)","(nan, 0.0249528882648924)","(nan, -0.006464929984277519)","(nan, 0.27659689627873596)","(nan, 0.4203087609141313)","(nan, -0.42399271959706103)","(nan, -0.07902116303191248)","(nan, 0.0705186432384699)","(nan, 0.07170828880322913)","(nan, -0.030742609688150593)","(nan, -0.11130785534613653)","(nan, -0.41293170611764946)","(nan, -0.10217260711646635)","(nan, 0.1335124201313707)","(nan, 0.0947916769273192)","(nan, -0.3410260442837452)","(nan, 0.07185590962533017)","(nan, 0.047671824343874944)"
14,"(nan, -0.40788859492919827)","(nan, 0.26059187290946195)","(nan, 0.08468147593538093)","(nan, 1.501154657417917)","(nan, -0.1531483047933805)","(nan, -0.021677820330057794)","(nan, -1.838075718175015)","(nan, 0.01058070046461335)","(nan, -0.003795910578112662)","(nan, -0.11087567595644135)","(nan, -1.1422389829630164)","(nan, -1.825572954776749)","(nan, 0.5644778578921769)","(nan, 0.652424652889434)","(nan, 0.6628857325289761)","(nan, -0.05681113368928379)","(nan, 0.2651828860080115)","(nan, -0.0018749843514969393)","(nan, 0.10575451412203554)","(nan, 0.39693294469142965)","(nan, -0.19385327601018376)","(nan, -1.6803039107357933)","(nan, -0.14418000636645234)","(nan, -0.13150532174220464)","(nan, -0.003224872786452379)"
15,"(nan, -0.5128266044197506)","(nan, 0.24458301383286335)","(nan, 0.06859135580397753)","(nan, 1.542990672285325)","(nan, -0.15181699657667821)","(nan, -0.037592821472225445)","(nan, -1.886978198307076)","(nan, 0.0011170409859464615)","(nan, -0.003744605847315612)","(nan, -0.1093081266589709)","(nan, -1.1011013634015048)","(nan, -1.6924844249762765)","(nan, 0.4814893742755254)","(nan, 0.6050031678281967)","(nan, 0.6071647366998435)","(nan, -0.05380042020630079)","(nan, 0.22701519301907705)","(nan, -0.019769266015985894)","(nan, 0.01693310824594555)","(nan, 0.3099919326274644)","(nan, -0.18160782419194602)","(nan, -1.6821791004453357)","(nan, -0.12359284291766155)","(nan, -0.1792289216503034)","(nan, -0.004175782814458261)"
16,"(nan, -0.4450564574054447)","(nan, 0.2972912112982825)","(nan, 0.12376505202637726)","(nan, 1.5202200499949137)","(nan, -0.09297958492858013)","(nan, -0.024885789223774747)","(nan, -1.8252170234601865)","(nan, 0.009049484015359835)","(nan, 0.007443953685314605)","(nan, -0.09924154749380072)","(nan, -1.0307788958954323)","(nan, -1.6863402352904429)","(nan, 0.48756508152908756)","(nan, 0.707748743353578)","(nan, 0.6131434029743529)","(nan, -0.03492676491270047)","(nan, 0.24321958335732186)","(nan, 0.014808066924273947)","(nan, 0.07603033754939395)","(nan, 0.35391933718465113)","(nan, -0.16809176414364754)","(nan, -1.6819585603115927)","(nan, -0.1082628719260188)","(nan, -0.18582028802424044)","(nan, -0.0016552843107906431)"
17,"(nan, 0.38221559439648345)","(nan, -0.007075713517362786)","(nan, -0.1236608059157197)","(nan, 0.10065879228249756)","(nan, -0.18563967287769095)","(nan, 0.0007811290753856996)","(nan, 0.013454900639641299)","(nan, -0.020013206610609808)","(nan, 0.003923850009878746)","(nan, -0.16148835211064236)","(nan, -0.6079480829186371)","(nan, -0.23314397073026127)","(nan, -0.060818525271108946)","(nan, 0.058830612827181064)","(nan, -0.13783466012232837)","(nan, 0.08123114812622761)","(nan, 0.0160203324900433)","(nan, -0.013344399137581732)","(nan, -0.0037739613284295706)","(nan, 0.056379020476544014)","(nan, -0.03539881474744221)","(nan, -0.33215164420892807)","(nan, -0.08267129486866334)","(nan, 0.0369908108410749)","(nan, 0.08164044787110326)"
18,"(nan, 0.32856528073299374)","(nan, 0.25931707291658185)","(nan, -0.06734757666699091)","(nan, 0.3207470223657596)","(nan, -0.17770074536128044)","(nan, -0.06631725124013402)","(nan, 0.15222558183170648)","(nan, -0.02037321089720361)","(nan, 0.0340793214526836)","(nan, -0.10926779423331388)","(nan, -0.534155847704281)","(nan, -0.09730299869516316)","(nan, -0.04167887764462306)","(nan, 0.13083189854309604)","(nan, -0.47178823123992153)","(nan, 0.09093161018577561)","(nan, -0.031686716390667155)","(nan, 0.03885883217707898)","(nan, 0.08504338522575208)","(nan, 0.08626297007746496)","(nan, 0.008922658872133794)","(nan, -0.3615775366560214)","(nan, -0.03363765086406542)","(nan, -0.025682251572933065)","(nan, 0.1360618634739861)"
19,"(nan, -0.2923934238987685)","(nan, 0.05343506336857601)","(nan, -0.015870538198098753)","(nan, 0.3880780070767875)","(nan, 0.0671442786894645)","(nan, 0.023023750564269186)","(nan, -0.7460079280451617)","(nan, 0.009204936604598575)","(nan, -0.02499060142327932)","(nan, 0.1381893591767347)","(nan, -0.3414187465721454)","(nan, -0.4770927550683958)","(nan, 0.05332450817093862)","(nan, 0.03299914276203145)","(nan, 0.6729656315934469)","(nan, 0.07277802820925199)","(nan, 0.16393949302698568)","(nan, 0.016825636598147165)","(nan, -0.08035426152405545)","(nan, 0.06104969821377513)","(nan, -0.05325364391182649)","(nan, -0.4866803175496696)","(nan, 0.10425003694789768)","(nan, 0.14170380342571312)","(nan, 0.03103680490429766)"
20,"(nan, 0.07908090866778962)","(nan, 0.2642023658325123)","(nan, -0.04707317016640957)","(nan, 0.4107051981787409)","(nan, 0.007399835094775617)","(nan, 0.03902046770864871)","(nan, -0.4005881776649729)","(nan, 0.03688973901873033)","(nan, 0.033800481635153846)","(nan, 0.07842507161784813)","(nan, -0.25397288374730176)","(nan, -0.5763281200301935)","(nan, 0.05903744225719717)","(nan, 0.1041125580436156)","(nan, 0.5328944437777747)","(nan, 0.14866389202038818)","(nan, 0.2038649565722592)","(nan, 0.18528188978726978)","(nan, 0.10477657711124143)","(nan, 0.2196681269494786)","(nan, -0.007127584392350469)","(nan, -0.5074330547698622)","(nan, -0.03547756189346335)","(nan, 0.2984808905503015)","(nan, 0.13356195019650144)"
21,"(nan, 0.4376270226941474)","(nan, 0.49507983702517044)","(nan, 0.585211011183203)","(nan, -0.10788279666097174)","(nan, 0.6419367124496337)","(nan, -0.017062210270971497)","(nan, 1.1132611723542392)","(nan, -0.031586727401439675)","(nan, 0.08778464486274677)","(nan, 0.36810554335284834)","(nan, 0.8888393233439943)","(nan, 0.743282253932006)","(nan, -0.2602181800800805)","(nan, 0.7854034172634758)","(nan, -0.34939680105176674)","(nan, 0.17103227672294213)","(nan, 0.008847406417869626)","(nan, 0.13795051787437582)","(nan, 0.31171323184569105)","(nan, -0.03274032442306065)","(nan, 0.08601218061101285)","(nan, 0.3818877908076022)","(nan, 0.6691222512971863)","(nan, -0.396368950563455)","(nan, 0.05483479310008387)"
22,"(nan, 0.058107570586222505)","(nan, 0.25800791393124833)","(nan, 0.19277400789417365)","(nan, -0.09152936276951903)","(nan, 0.016693257444872538)","(nan, 0.14017464396796728)","(nan, 0.1259244179919977)","(nan, 0.02406125692090846)","(nan, 0.02754246066497665)","(nan, 0.31414236391398803)","(nan, 1.1593729551863772)","(nan, 0.2556479030886144)","(nan, 0.03542284424154016)","(nan, 0.04866847866241068)","(nan, 0.5331889111221771)","(nan, 0.033365166754516805)","(nan, 0.14535066954661807)","(nan, 0.13045183720148787)","(nan, -0.031372892872542905)","(nan, 0.3213283285150831)","(nan, 0.10905563369422054)","(nan, -0.2866721580938521)","(nan, 0.4726905324519343)","(nan, 0.3281623306756611)","(nan, -0.022587565510265122)"
23,"(nan, -0.3508499056096318)","(nan, 0.3309442778062078)","(nan, -0.22776813258119344)","(nan, 0.1661722098355801)","(nan, 0.008075716758255915)","(nan, -0.12158497200706447)","(nan, -0.24391472403708853)","(nan, -0.019526326047149493)","(nan, -0.03755035027021687)","(nan, 0.12451549093103682)","(nan, 0.44550235087266216)","(nan, 0.001838281891295991)","(nan, 0.2378510966630566)","(nan, -0.17241504927206214)","(nan, 0.19957903604848656)","(nan, -0.011196516777225057)","(nan, -0.017710846308762605)","(nan, 0.22021968183629514)","(nan, 0.3366727535472027)","(nan, -0.13213980409395976)","(nan, -0.019514240169207376)","(nan, -0.007328128711923564)","(nan, 0.2798694188052326)","(nan, 0.2190775262454619)","(nan, 0.06231440513721424)"
24,"(nan, 0.06741157651629565)","(nan, 0.1618389095837608)","(nan, -0.09963711127472026)","(nan, 0.4861252227764423)","(nan, -0.507896055575543)","(nan, -0.04402366494706227)","(nan, -0.174363047552807)","(nan, -0.05228430316778078)","(nan, -0.00893169910628864)","(nan, -0.10948256063601419)","(nan, -0.9352339951697525)","(nan, -0.02475357127291746)","(nan, 0.1331154003286618)","(nan, -0.22709307021865083)","(nan, -0.7535815951830208)","(nan, -0.06562853681159028)","(nan, -0.08592407513726157)","(nan, -0.17202591032630163)","(nan, -0.16635761742452332)","(nan, 0.16933812999224146)","(nan, 0.023521990813603864)","(nan, -0.5627830624325619)","(nan, 0.031477832752405704)","(nan, -0.06763449095633904)","(nan, 0.04606783773120523)"
25,"(nan, 0.0774847159675725)","(nan, 0.10387814537165393)","(nan, 0.0680017789113064)","(nan, 0.5190166431684367)","(nan, -0.06253363919545976)","(nan, 0.07665704942139298)","(nan, -0.5493059248066325)","(nan, 0.04672980943982609)","(nan, 0.022342632152542948)","(nan, 0.07022674198483984)","(nan, -0.6453228101019226)","(nan, -0.5660555524319071)","(nan, -0.0204692980620448)","(nan, 0.07243124864389108)","(nan, 0.8216855450250891)","(nan, 0.1704390185865533)","(nan, 0.15119827248621204)","(nan, 0.03764217344997286)","(nan, -0.07222649255174529)","(nan, 0.2894351554660539)","(nan, -0.01618180948998136)","(nan, -0.46439131568928116)","(nan, -0.11580626679627568)","(nan, 0.26636991650477193)","(nan, 0.11775916503790607)"
26,"(nan, -0.23861260921147054)","(nan, -0.15220701451256036)","(nan, -0.0009811802906703122)","(nan, -0.08773193460529548)","(nan, 0.0059362165365510035)","(nan, -0.07637967594733787)","(nan, 0.021000905612662237)","(nan, -0.018576625586252223)","(nan, 0.0298976800984518)","(nan, -0.28698227855470776)","(nan, 0.3312353502809866)","(nan, 0.6668494248635405)","(nan, -0.3155880602952101)","(nan, 0.0766436806214397)","(nan, -0.7087289648261134)","(nan, -0.043203135386987924)","(nan, -0.2487944399061971)","(nan, -0.13089086135493241)","(nan, -0.28712030179299175)","(nan, -0.3725762559308033)","(nan, 0.09016954035879951)","(nan, 0.12699476053350844)","(nan, -0.06536668915903159)","(nan, -0.38784361863202893)","(nan, -0.054302071870734096)"
27,"(nan, 0.23397203876661168)","(nan, -0.19194102195279947)","(nan, 0.5671811551329231)","(nan, -0.19432883874288964)","(nan, 0.2319529214843665)","(nan, 0.2866533071776682)","(nan, 0.05372318541869286)","(nan, 0.09646742832976729)","(nan, 0.09382425685127464)","(nan, 0.22268442435180166)","(nan, 0.6362528765683078)","(nan, -0.21734746270965558)","(nan, -0.12026235839624573)","(nan, 0.31545672240941813)","(nan, 1.156082262688979)","(nan, 0.150715848743651)","(nan, 0.23044785016313143)","(nan, 0.008057234011173227)","(nan, -0.26363210343227333)","(nan, 0.3645316185066756)","(nan, 0.06422124499697639)","(nan, 0.1538076224067049)","(nan, 0.09731316172866362)","(nan, 0.1953691524812002)","(nan, -0.10089898787328944)"
28,"(nan, 0.3311947389455584)","(nan, 0.06511797000556788)","(nan, -0.17363712800610007)","(nan, 0.1474562188033578)","(nan, -0.22668530019486416)","(nan, -0.0318277175587606)","(nan, 0.00454090400264508)","(nan, -0.0187821630713704)","(nan, 0.002276999531590749)","(nan, -0.20251439430968984)","(nan, -0.5649344320300703)","(nan, -0.16926283953287796)","(nan, -0.018947431201101397)","(nan, 0.03727979769658591)","(nan, -0.3080746356019123)","(nan, 0.0487257781079944)","(nan, -0.03175732439928079)","(nan, 0.014363234458527302)","(nan, 0.05717118078520815)","(nan, 0.06243471796699528)","(nan, -0.017030396833158427)","(nan, -0.35433514686239936)","(nan, -0.14317209669528802)","(nan, 0.025736082982409397)","(nan, 0.08971386685498918)"
29,"(nan, -0.026808195203457365)","(nan, -0.3979959461704549)","(nan, 0.09240305765184571)","(nan, -0.4037554743492373)","(nan, 0.09737152452970624)","(nan, -0.017718682538228298)","(nan, 0.16966478180338562)","(nan, -0.03274540523131494)","(nan, -0.01615227219676274)","(nan, -0.10770543917636594)","(nan, -0.22584770040696)","(nan, 0.3758938586730808)","(nan, -0.2999616587254761)","(nan, 0.07193088027667288)","(nan, -0.24473857394107246)","(nan, 0.049385512851889024)","(nan, -0.2199394733815469)","(nan, -0.0852015153795778)","(nan, -0.2427062743140664)","(nan, -0.33778254256813633)","(nan, -0.03809744739784631)","(nan, 0.3973522058766734)","(nan, -0.10447329929633258)","(nan, -0.3410261535715203)","(nan, -0.15125395752854778)"
30,"(nan, 0.32837635335371307)","(nan, 0.2921975489073305)","(nan, 0.38405959167322146)","(nan, -0.19706255440947132)","(nan, 0.5717614656657211)","(nan, -0.05916849988619746)","(nan, 0.9037307799234287)","(nan, -0.055586095600910386)","(nan, 0.051667393883333475)","(nan, 0.24918128064573536)","(nan, 0.5908384817171203)","(nan, 0.6688871175222273)","(nan, -0.32423694764371613)","(nan, 0.6407802914178576)","(nan, -0.3947088527859419)","(nan, 0.16923826175841225)","(nan, -0.050418668183424886)","(nan, 0.12159682913313997)","(nan, 0.22378297912552994)","(nan, -0.24239910785225607)","(nan, 0.026324373969412063)","(nan, 0.3674891587387174)","(nan, 0.5455006688307902)","(nan, -0.4273783008751985)","(nan, 0.028270063769971057)"
31,"(nan, 0.18268477143238143)","(nan, -0.08570046394923228)","(nan, 0.20938470129909692)","(nan, 0.080951237569552)","(nan, -0.016698003325076736)","(nan, 0.0680670324281941)","(nan, -0.02265054119472552)","(nan, 0.030259011526755385)","(nan, 0.052263669060571165)","(nan, -0.048103885879196326)","(nan, -0.11652787759908785)","(nan, -0.11623227486304362)","(nan, -0.07893745589308561)","(nan, 0.1843668782507171)","(nan, 0.2950035867021625)","(nan, 0.1017019777410875)","(nan, 0.01378381319393676)","(nan, -0.032304004682087724)","(nan, -0.11327260354597735)","(nan, 0.10537611019321824)","(nan, 0.01888337315487115)","(nan, 0.020806954350036076)","(nan, -0.019576741675234977)","(nan, -0.009071376695178136)","(nan, 0.003905746138051961)"
32,"(nan, 0.4758678966464119)","(nan, -0.011266957930809741)","(nan, -0.021304355280460787)","(nan, -0.015478067018089925)","(nan, -0.08935621940145334)","(nan, 0.03388755010374065)","(nan, 0.07918678325211198)","(nan, 0.007169532302875128)","(nan, 0.014705182140066669)","(nan, -0.1253320640398199)","(nan, -0.5719299473438635)","(nan, -0.31975406495717734)","(nan, -0.020457466979408093)","(nan, 0.172569758588089)","(nan, 0.09809973004492822)","(nan, 0.12795581905302328)","(nan, 0.05926187705748046)","(nan, 0.0256680129365112)","(nan, 0.08390753193257519)","(nan, 0.14200632694589324)","(nan, -0.03456891339757399)","(nan, -0.19644916652535424)","(nan, -0.0845305929447912)","(nan, 0.09768669875032664)","(nan, 0.07520193949068471)"
33,"(nan, 0.24390307093871733)","(nan, -0.09963613093830352)","(nan, 0.2911348972694264)","(nan, -0.03475527621262384)","(nan, 0.1906747431117547)","(nan, 0.09144257739874685)","(nan, 0.23724221931458545)","(nan, 0.028461825220167474)","(nan, 0.09275943567925499)","(nan, -0.027377683818289124)","(nan, 0.7505126962009634)","(nan, 0.17659779599320838)","(nan, -0.25520286638525785)","(nan, 0.357746627931458)","(nan, 0.40773629630331704)","(nan, 0.11348859542523705)","(nan, 0.037296597113741996)","(nan, 0.018880262382740595)","(nan, -0.11614014328691592)","(nan, -0.03461475293281421)","(nan, 0.06042898895128411)","(nan, 0.18616543560218732)","(nan, 0.1611845073527564)","(nan, -0.09625839801100726)","(nan, 0.01822736280682676)"
34,"(nan, 0.1626954446581101)","(nan, 0.002521446065682674)","(nan, 0.1936366776162389)","(nan, -0.6922518651930559)","(nan, 0.0570687098631892)","(nan, -0.09251180212833372)","(nan, 0.6700388236125592)","(nan, 0.03204056108997379)","(nan, -0.055781074573276454)","(nan, -0.07914614167273172)","(nan, -0.645353190102369)","(nan, -0.10374465266480369)","(nan, 0.6846510029986282)","(nan, 0.09510464104439134)","(nan, -0.7422813621392529)","(nan, -0.17910040428034135)","(nan, -0.1971559921710029)","(nan, 0.010930385047422579)","(nan, 0.70342777140792)","(nan, 0.1883344426209781)","(nan, -0.0651241753938761)","(nan, 1.0733310226562576)","(nan, -0.29058561738769445)","(nan, -0.16416832247923593)","(nan, -0.198301314652373)"
35,"(nan, 0.04883299581668258)","(nan, 0.215124625958872)","(nan, 0.0350553580894251)","(nan, -0.5110955247638673)","(nan, 0.35945459528368473)","(nan, -0.17609671332360796)","(nan, 0.9035396647916042)","(nan, 0.0432363125166265)","(nan, -0.029707159717696375)","(nan, 0.05047238949349665)","(nan, -0.2368496429297733)","(nan, 0.1418461682124797)","(nan, 0.32221997601803304)","(nan, 0.02676248787774198)","(nan, -0.688605918575975)","(nan, -0.1042590321731153)","(nan, -0.08071679835958791)","(nan, 0.030218759149962398)","(nan, 0.677752696621324)","(nan, -0.025235208660129405)","(nan, -0.02310769206109322)","(nan, 1.1577327675646139)","(nan, -0.2765581191198864)","(nan, -0.09282516376303265)","(nan, 0.039304715331597295)"
36,"(nan, -0.2812053577926582)","(nan, -0.35789615944936526)","(nan, -0.06802357427945353)","(nan, 0.02941756485511806)","(nan, -0.535617631699529)","(nan, -0.049744879357622465)","(nan, -0.2635010279390182)","(nan, -0.04666533669982632)","(nan, -0.05627050848243912)","(nan, -0.005392994550707158)","(nan, -1.1608087470257344)","(nan, -0.04063349407889848)","(nan, -0.1129657065976336)","(nan, -0.4704312565462713)","(nan, -0.6049997771071003)","(nan, -0.06638398542133575)","(nan, 0.07500187399333721)","(nan, -0.7217495555049953)","(nan, -0.9006369705856203)","(nan, -0.023712955659876352)","(nan, -0.04057802527233703)","(nan, -0.5296727527835683)","(nan, 0.3414220892118034)","(nan, -0.01714666970838167)","(nan, -0.00501297085475072)"
37,"(nan, -0.7578001400044705)","(nan, -0.6197191941585607)","(nan, -0.20540997699576607)","(nan, -0.04930449929032911)","(nan, -0.04429125554661053)","(nan, 0.05217722196336925)","(nan, -0.8403484172770216)","(nan, -0.04336582581903551)","(nan, -0.018367890072290057)","(nan, -0.013406135881345602)","(nan, 0.7890078079276028)","(nan, 0.26791382098918515)","(nan, -0.5008562988565916)","(nan, -0.40334676941147884)","(nan, 0.7288924493024442)","(nan, 0.03229601141346379)","(nan, -0.12639484296209838)","(nan, 0.033656213395395776)","(nan, -0.7517645419085318)","(nan, -0.61944857669257)","(nan, -0.03564691006678261)","(nan, -0.11537697120893338)","(nan, 0.02707838254739329)","(nan, -0.056220160459201585)","(nan, -0.1865569936069554)"
38,"(nan, 0.05763806700786118)","(nan, -0.10122829318386094)","(nan, 0.1269949055561144)","(nan, 0.07319816549906115)","(nan, 0.07879296688568871)","(nan, 0.05701667229972099)","(nan, 0.05156005399532942)","(nan, 0.038036453139124016)","(nan, 0.06880231871948123)","(nan, -0.03820250830409422)","(nan, 0.2956914447428563)","(nan, 0.0017722950185072835)","(nan, -0.2350582151581066)","(nan, 0.06586263082029786)","(nan, 0.36609424280179054)","(nan, 0.0926127025406046)","(nan, 0.048245072036794394)","(nan, -0.03442970206045872)","(nan, -0.19970765307866203)","(nan, -0.05524755115974051)","(nan, 0.038490501231269)","(nan, 0.16289735535223457)","(nan, -0.04526076803411525)","(nan, 0.030748389632851727)","(nan, 0.056336777862704475)"
39,"(nan, -0.4338105195612655)","(nan, 0.24955874064872818)","(nan, 0.06188006873503062)","(nan, 0.4342395349261454)","(nan, 0.20440487606937513)","(nan, 0.04412425186363868)","(nan, -0.37729317979877797)","(nan, 0.04639641883379014)","(nan, 0.0807902672794999)","(nan, 0.22232803171774612)","(nan, 1.3621509035022217)","(nan, 0.11847450061594465)","(nan, -0.18692943564372724)","(nan, -0.023459453437942004)","(nan, 0.9108328964784422)","(nan, 0.09588207153109568)","(nan, 0.14877419337823178)","(nan, 0.18992866234607653)","(nan, -0.13307803791488887)","(nan, -0.08334249310778116)","(nan, 0.10512186098647135)","(nan, -0.12281738964470236)","(nan, 0.3076374040117694)","(nan, 0.26462357595686953)","(nan, 0.11755423310915615)"
40,"(nan, -0.18823050030966623)","(nan, -0.08267276596882647)","(nan, -0.198384628681287)","(nan, 0.15214055892763076)","(nan, -0.08846524123334047)","(nan, -0.01999413526155101)","(nan, -0.3994787253664825)","(nan, 0.0240692185946445)","(nan, 0.014784066446096474)","(nan, -0.19001151791398216)","(nan, 0.06016287830930422)","(nan, 0.13299474414878895)","(nan, -0.3002678757107661)","(nan, -0.0839320990840578)","(nan, 0.061083048771565)","(nan, 0.05468522595633054)","(nan, -0.036011346337312365)","(nan, -0.0391772859319293)","(nan, -0.2962997584174678)","(nan, -0.11705831797569496)","(nan, 0.06202311325493059)","(nan, -0.3421107612863435)","(nan, -0.21111597318575984)","(nan, 0.06426793581420923)","(nan, 0.08280096560057551)"
41,"(nan, 0.5074477191436898)","(nan, 0.487893898731309)","(nan, 0.38279328574323956)","(nan, 0.44455705661822)","(nan, -0.20785042000210918)","(nan, 0.11024243761483138)","(nan, 0.3546016081318607)","(nan, 0.004967769761069053)","(nan, 0.0969899965209541)","(nan, 0.19705486889673965)","(nan, 0.07926473913082074)","(nan, 0.04517864205247314)","(nan, 0.10010775116710058)","(nan, 0.2551444172640292)","(nan, -0.07492043831512958)","(nan, 0.11466859046851031)","(nan, 0.08216545489626165)","(nan, 0.06928216431213778)","(nan, 0.04103252738898411)","(nan, 0.5225992533436088)","(nan, 0.1179762947541563)","(nan, -0.4396628433781811)","(nan, 0.39184226016983154)","(nan, 0.1118730798631174)","(nan, 0.08273766232457025)"
42,"(nan, -0.8172602988466138)","(nan, -0.8022130862365137)","(nan, -0.10000087461436943)","(nan, -0.3855067256486311)","(nan, 0.7369667601094458)","(nan, -0.13055070125168428)","(nan, -0.6276970336003758)","(nan, -0.08643704015476703)","(nan, -0.08708908818850443)","(nan, 0.0026534324846446042)","(nan, 0.3731590166173676)","(nan, 0.24077118668456646)","(nan, -0.43702102166191825)","(nan, 0.15511819291773224)","(nan, 0.6895484909430984)","(nan, 0.04132697219266698)","(nan, -0.1524109659138421)","(nan, 0.024048650634701185)","(nan, -0.17560182025787205)","(nan, -1.124255756777073)","(nan, -0.21173791884410154)","(nan, 0.7685474676186177)","(nan, 0.15303448036809655)","(nan, -0.6397487101053109)","(nan, -0.2006439162981271)"
43,"(nan, -1.0311519984362985)","(nan, -0.9725048651502958)","(nan, -0.1189791721799289)","(nan, -0.3536987219688579)","(nan, 0.7957104552062166)","(nan, -0.1076102290664947)","(nan, -0.9698800271402338)","(nan, -0.09032740030782238)","(nan, -0.09366463251316452)","(nan, 0.007369595265790945)","(nan, 0.45818271678958233)","(nan, 0.22905352895613756)","(nan, -0.5864225871628151)","(nan, 0.14636994808737788)","(nan, 0.9648948083425793)","(nan, 0.06901722627351016)","(nan, -0.1376789321694522)","(nan, 0.005026447151931246)","(nan, -0.3929186090895901)","(nan, -1.2581626828125652)","(nan, -0.22508425397389037)","(nan, 0.6315092254524157)","(nan, 0.1611172968686886)","(nan, -0.6798639103534232)","(nan, -0.23978333777061162)"
44,"(nan, 0.15024102729242453)","(nan, 0.05460707502186761)","(nan, -0.26443670149535475)","(nan, -0.13464619442610185)","(nan, -0.05695137551979202)","(nan, -0.1104773740701)","(nan, 0.15919737819779692)","(nan, -0.013498442779709763)","(nan, -0.02094358943450374)","(nan, -0.2221561280355528)","(nan, -0.15041753179507347)","(nan, 0.054542581677303026)","(nan, 0.01172245615317896)","(nan, -0.031510406342454424)","(nan, -0.28542724840655664)","(nan, 0.019941296473260584)","(nan, -0.11794912101580446)","(nan, 0.0887984719609358)","(nan, 0.26457033026158877)","(nan, -0.175736634178057)","(nan, -0.02758336456002961)","(nan, 0.15936857539701738)","(nan, -0.13726809393190514)","(nan, 0.03263631834102988)","(nan, 0.07796221442597978)"
45,"(nan, -0.14139644638905166)","(nan, -0.08091183451827275)","(nan, -0.1081366349674175)","(nan, 0.15701113373773956)","(nan, -0.0679756490601067)","(nan, -0.049787954814181)","(nan, -0.23904556996981396)","(nan, 0.017163657267106603)","(nan, 0.02443184009587852)","(nan, -0.23769178080540665)","(nan, -0.17435605962915746)","(nan, 0.10756517301444224)","(nan, -0.23352687253039064)","(nan, -0.0014172707257252574)","(nan, -0.2294694798264183)","(nan, 0.027616244804265583)","(nan, -0.10514682852170606)","(nan, -0.0602001247512131)","(nan, -0.21236464210051748)","(nan, -0.14813011879962795)","(nan, 0.04223502485979753)","(nan, -0.13459275457653663)","(nan, -0.2911465054165589)","(nan, -0.10137371798591112)","(nan, 0.04683489139164322)"
46,"(nan, 0.34363215420471743)","(nan, 0.09396833564598422)","(nan, -0.06190236255289515)","(nan, 0.13096719107091462)","(nan, -0.09293674592375327)","(nan, 0.032799510418427276)","(nan, 0.2134702524150908)","(nan, -0.04799181190053249)","(nan, -0.07300501377258303)","(nan, 0.0957917464686899)","(nan, -0.6201148818332696)","(nan, 0.14261275879400595)","(nan, 0.13671171821835146)","(nan, -0.190226997946025)","(nan, -0.0016017449959896525)","(nan, -0.07935339697227949)","(nan, -0.016854952125147718)","(nan, -0.06179212694753523)","(nan, 0.24853466109050623)","(nan, 0.21264959792225874)","(nan, -0.022936309897856756)","(nan, 0.04191053642343324)","(nan, 0.029394723857035218)","(nan, 0.01465021723263289)","(nan, 0.06578122292442572)"
47,"(nan, -1.6429184341436756)","(nan, 0.28222621536004255)","(nan, 0.56891323569137)","(nan, -0.07517117491342186)","(nan, 1.5497129062131336)","(nan, -0.02769956435959774)","(nan, -0.3893057096145076)","(nan, 0.2563905499911767)","(nan, 0.13525200495980436)","(nan, 0.7401797872138264)","(nan, 1.6855427593459247)","(nan, 0.26277864447985266)","(nan, -0.6586463448952008)","(nan, 0.3170781664802332)","(nan, 1.2422210661376563)","(nan, 0.2531112887069408)","(nan, 0.396984580784833)","(nan, 0.13762663150802523)","(nan, -0.385494522352829)","(nan, -0.3209547566096424)","(nan, 0.20745236981680237)","(nan, 0.9350997015447872)","(nan, -0.24459414693214407)","(nan, 0.12938811930837907)","(nan, 0.08998351107098108)"
48,"(nan, -0.005191348582830919)","(nan, -0.1210425469837886)","(nan, -0.19408238205757608)","(nan, -0.21801040731235882)","(nan, 0.11357996025911535)","(nan, -0.13042455920107338)","(nan, 0.22366168083859017)","(nan, 0.010126131422130279)","(nan, -0.04751216020227715)","(nan, -0.14041956222388338)","(nan, -0.6794755944693691)","(nan, 0.03014569242649985)","(nan, -0.03410775038420855)","(nan, -0.17588669394206974)","(nan, -0.13925482573517187)","(nan, 0.010618904278768725)","(nan, -0.12295434895901027)","(nan, -0.054466771111606804)","(nan, 0.22029692453695404)","(nan, -0.24258101678019306)","(nan, -0.06776661599060105)","(nan, 0.6813128145022037)","(nan, -0.35574115453992583)","(nan, -0.03136979618838373)","(nan, 0.07991688844485481)"
49,"(nan, -0.6281342714853396)","(nan, 0.4389327729519806)","(nan, 0.011520867237990938)","(nan, -0.479773341595286)","(nan, 0.33078288637442266)","(nan, -0.1982702363785362)","(nan, 0.594032363920103)","(nan, 0.0446720386852132)","(nan, -0.020593727729623444)","(nan, 0.22233788757433431)","(nan, 0.7986719066101622)","(nan, 0.8293513596814479)","(nan, 0.1565012625601967)","(nan, -0.19979590435859157)","(nan, -0.8219416277270215)","(nan, -0.11676954817775598)","(nan, -0.17344940422924518)","(nan, 0.10568521992738635)","(nan, 0.3467109706558635)","(nan, -0.1596451413212776)","(nan, 0.13007622153932732)","(nan, 0.8796645845023735)","(nan, 0.03170509595173793)","(nan, 0.008738622054502843)","(nan, -0.026597449466183327)"
50,"(nan, -0.4885760439486544)","(nan, 0.8442214063470668)","(nan, 0.10095138710027245)","(nan, 0.7409227705792089)","(nan, 0.13129917027336915)","(nan, -0.05876524996238136)","(nan, -0.48190536665574324)","(nan, 0.00904624883916903)","(nan, -0.0219909463652442)","(nan, 0.5278040686529537)","(nan, 0.4539270353604753)","(nan, -0.41207659313944783)","(nan, 0.7512209819274996)","(nan, -0.11521177673099003)","(nan, 0.916583642518251)","(nan, -0.01114361858718367)","(nan, 0.13058909489337112)","(nan, 0.4172061859411165)","(nan, 0.7845741786034376)","(nan, 0.26776110065680575)","(nan, -0.01657170364853906)","(nan, 0.07019865609702139)","(nan, 0.5761709907461477)","(nan, 0.4302751637738637)","(nan, 0.08086911658851825)"
51,"(nan, -2.0405315924055913)","(nan, 0.9191842007468861)","(nan, -0.4549730830682322)","(nan, 1.2489214320490647)","(nan, 0.20910998359959085)","(nan, -0.12484238361274687)","(nan, -1.788423218512053)","(nan, -0.004163377094337755)","(nan, -0.03806927322730513)","(nan, 0.8791018275344726)","(nan, 1.942196538340646)","(nan, -0.44393981196446997)","(nan, 0.5649643678801134)","(nan, -0.9910760430295482)","(nan, 1.724204491636156)","(nan, -0.07301285989083571)","(nan, 0.35261487122776325)","(nan, 0.6214112488973137)","(nan, 0.23212059670310733)","(nan, -0.35471804885024405)","(nan, 0.010892838160931631)","(nan, -0.39760363027621165)","(nan, 0.9059042308660281)","(nan, 0.8656409556607325)","(nan, 0.12361894787067218)"
52,"(nan, -0.20086249156194316)","(nan, 0.006370060532931616)","(nan, 0.009173324682543902)","(nan, -0.3245972297605527)","(nan, -0.3235593985093942)","(nan, -0.052350103594207976)","(nan, 0.17056842461877536)","(nan, 0.0022088992184880595)","(nan, -0.10695691936776076)","(nan, 0.048864114215186105)","(nan, -0.4245630801895851)","(nan, 0.13162296039920854)","(nan, 0.7231062199167884)","(nan, -0.44226427801664064)","(nan, -0.43937627652205513)","(nan, -0.29737790798870956)","(nan, -0.25313194071238015)","(nan, -0.038133421391873604)","(nan, 0.42958352154311613)","(nan, 0.2992462054534541)","(nan, -0.019646600549136948)","(nan, 0.660524244481298)","(nan, -0.1807611184309603)","(nan, 0.04687490391745294)","(nan, -0.2112084679292111)"
53,"(nan, 0.5659048468644424)","(nan, 0.07322995687735694)","(nan, 0.13694253013455165)","(nan, -0.0008037391483610807)","(nan, -0.05097857550853762)","(nan, 0.0847841321545346)","(nan, 0.24982077242877213)","(nan, -0.002064700048165403)","(nan, 0.04351591937464019)","(nan, -0.015905973537994285)","(nan, -0.0076861723655403755)","(nan, -0.1426449302990557)","(nan, -0.022374462399323662)","(nan, 0.299893858125505)","(nan, 0.17526915240139074)","(nan, 0.12285206042059606)","(nan, 0.09834996930347491)","(nan, 0.04680198776839075)","(nan, 0.07428510576591973)","(nan, 0.21786731142056917)","(nan, 0.007410807108852915)","(nan, -0.25127973110859675)","(nan, 0.20080317360723077)","(nan, 0.07350196634235323)","(nan, 0.05809153986242108)"
54,"(nan, 0.09841038392679341)","(nan, 0.13015954489581794)","(nan, 0.0534843171410425)","(nan, -0.07337845908907287)","(nan, 0.03752834005031249)","(nan, 0.04867540532756949)","(nan, 0.2606414241418666)","(nan, 0.014397223377880892)","(nan, 0.0448259979788131)","(nan, 0.07828131083925462)","(nan, 0.9045608288659219)","(nan, 0.2979509605886695)","(nan, -0.08174510558951485)","(nan, 0.03214560850302023)","(nan, 0.14922785958537194)","(nan, 0.021255499610496054)","(nan, 0.04253537391406209)","(nan, 0.09798808664834989)","(nan, 0.008227375516339765)","(nan, 0.05554385061525515)","(nan, 0.08666350914492499)","(nan, 0.01820292814372998)","(nan, 0.2103661348465103)","(nan, 0.12844131592065458)","(nan, 0.039729310820996386)"
55,"(nan, 0.14492444530230833)","(nan, 0.32581475363073836)","(nan, -0.06329055002116145)","(nan, 0.5144082484077268)","(nan, -0.17319792829638475)","(nan, -0.0438761852351698)","(nan, -0.0945239335744136)","(nan, -0.010970959282543241)","(nan, 0.04423580193415601)","(nan, -0.042575578612357)","(nan, -0.3810995155809077)","(nan, -0.15397040149805394)","(nan, -0.001919784865549966)","(nan, 0.03866377027381625)","(nan, -0.2156464783263082)","(nan, 0.09017003200371636)","(nan, 0.013287382869642716)","(nan, 0.08170165992293744)","(nan, 0.056018851257777086)","(nan, 0.0963660088331468)","(nan, 0.029734826186620447)","(nan, -0.4182265475534879)","(nan, 0.022598543478733104)","(nan, 0.057808842681643026)","(nan, 0.14966120789075718)"
56,"(nan, -0.30692370668428065)","(nan, 0.07234927286094028)","(nan, -0.2852249664509462)","(nan, 0.10262013083014268)","(nan, -0.025219324787983735)","(nan, -0.13712239802335655)","(nan, -0.26461201176666393)","(nan, 0.0018816778490687506)","(nan, -0.007032275805807919)","(nan, -0.2050313656222469)","(nan, -0.056069290171551836)","(nan, 0.09722728279877797)","(nan, -0.12452617847589983)","(nan, -0.035926270289192395)","(nan, -0.5324679160960946)","(nan, -0.023014726103780872)","(nan, -0.0933095552599266)","(nan, 0.026134430330753484)","(nan, -0.04887351937186626)","(nan, -0.21782988374985457)","(nan, 0.025760512971282044)","(nan, -0.25711640788670764)","(nan, -0.2562149216849583)","(nan, -0.07897767339357117)","(nan, 0.05835034864454966)"
57,"(nan, 0.3611115087242051)","(nan, -0.694164711951835)","(nan, -0.25329084375284355)","(nan, -0.11701450594433357)","(nan, 0.07503595653759862)","(nan, -0.00584646634752481)","(nan, 0.5028191825104009)","(nan, -0.027468724723821336)","(nan, -0.019405101968841865)","(nan, 0.24983919119360037)","(nan, 0.5644191009554921)","(nan, -1.1481435296699825)","(nan, -0.1784685145321966)","(nan, -0.23170536070695077)","(nan, 1.492639888215501)","(nan, -0.0004954202556401846)","(nan, 0.39115763930892244)","(nan, -0.15340784596349477)","(nan, -0.1458068445520278)","(nan, -0.26802246709600863)","(nan, -0.37023365295121563)","(nan, 0.42129427809146175)","(nan, 0.059113334383736206)","(nan, 0.2926968399848576)","(nan, 0.14761341902955805)"
58,"(nan, 0.4046751597478801)","(nan, -0.7019410522705638)","(nan, -0.2104001128385483)","(nan, -0.13179102306032553)","(nan, 0.0769472984018645)","(nan, 0.03216176322629047)","(nan, 0.4893318950803407)","(nan, -0.026469780097607806)","(nan, -0.007723601507490576)","(nan, 0.2530687383291537)","(nan, 0.6960216601172317)","(nan, -1.1238247741852239)","(nan, -0.21728040883868716)","(nan, -0.1734996202924938)","(nan, 1.524170081312642)","(nan, 0.01092746196969085)","(nan, 0.40882670573603247)","(nan, -0.13771145915426322)","(nan, -0.20155725332729352)","(nan, -0.2327563240039637)","(nan, -0.35231749894221787)","(nan, 0.31219565143075334)","(nan, 0.08955836598272303)","(nan, 0.28858875871220596)","(nan, 0.12666600064733588)"
59,"(nan, 0.541589765297612)","(nan, -0.06574797954202727)","(nan, 0.3759278707333765)","(nan, 0.017571559775874306)","(nan, -0.41734483333721945)","(nan, 0.17302847134061816)","(nan, 0.14861940142362548)","(nan, 0.03542191800225571)","(nan, 0.049992243470187256)","(nan, 0.003269638901132261)","(nan, -0.7286002389318789)","(nan, -0.3430435201135081)","(nan, 0.1569992850053551)","(nan, 0.089913530358881)","(nan, 0.12862978054298174)","(nan, 0.08752981631421963)","(nan, 0.07082322491020489)","(nan, -0.20056875781769368)","(nan, -0.24820227307706563)","(nan, 0.5627345454940142)","(nan, 0.02743037234946309)","(nan, -0.2642709009352123)","(nan, 0.08369203425304846)","(nan, 0.17189563078687942)","(nan, -0.056604607976082265)"
60,"(nan, -0.07324387521500314)","(nan, 0.05526607858117876)","(nan, -0.13425353972485302)","(nan, 0.042736973765411176)","(nan, 0.08406489140188976)","(nan, -0.10558795738176249)","(nan, 0.08379015847638177)","(nan, -0.017343448537294723)","(nan, 0.005099906207571143)","(nan, -0.06894815002083504)","(nan, 0.41520057053475395)","(nan, 0.24646275902871528)","(nan, -0.0835365850397456)","(nan, 0.0027250069921774824)","(nan, 0.03308774791619694)","(nan, 0.02701999207318614)","(nan, -0.09452241102380823)","(nan, 0.08607380278273818)","(nan, 0.16086726856925523)","(nan, -0.2731681690053429)","(nan, -0.0013121050727664186)","(nan, 0.25864397202882167)","(nan, 0.10695864802602777)","(nan, -0.04090689345949167)","(nan, 0.08814669796171504)"
61,"(nan, -0.15794603772818286)","(nan, 0.6160957629437175)","(nan, -0.009204237750229848)","(nan, 0.8161778055474618)","(nan, -0.04675755915032835)","(nan, -0.18305229636570566)","(nan, -0.010163622639808828)","(nan, -0.0764963588211146)","(nan, 0.033346112201830674)","(nan, 0.0666725576026124)","(nan, -0.18911599543121313)","(nan, 0.5263404740741202)","(nan, -0.1619563261603146)","(nan, 0.13078319094933766)","(nan, -0.8559037856546231)","(nan, 0.05749877728027358)","(nan, -0.14309459653591408)","(nan, 0.011745009348650932)","(nan, 0.022245040960094744)","(nan, -0.14027333629800073)","(nan, 0.08898207002640413)","(nan, -0.5092332949797268)","(nan, 0.38029226362680396)","(nan, -0.2913640121787641)","(nan, 0.19095426141388142)"
62,"(nan, 0.1564977004947093)","(nan, -0.029112930780294848)","(nan, -0.16677328677415076)","(nan, 0.13461639437015477)","(nan, -0.1178139289550213)","(nan, -0.029963541383032057)","(nan, -0.19525708532761915)","(nan, -0.010128143656899456)","(nan, 0.0002067969296624303)","(nan, -0.20998306829922983)","(nan, -0.4983828956679581)","(nan, -0.1452960483712515)","(nan, -0.1165015596943715)","(nan, 0.07667487655915889)","(nan, -0.18013773622945659)","(nan, 0.062310676788074205)","(nan, -0.0271860041028046)","(nan, 0.002330449193741574)","(nan, -0.04502304812598906)","(nan, -0.03471044425233038)","(nan, -0.015446624922981227)","(nan, -0.36460417557602853)","(nan, -0.18628188423998063)","(nan, -0.031237756891044532)","(nan, 0.06681750579358064)"
63,"(nan, 0.01688821739239063)","(nan, -0.2447912386047293)","(nan, -0.2416575767731486)","(nan, -0.23137627284029252)","(nan, -0.17785847272085065)","(nan, -0.036178738701241525)","(nan, 0.11368942306231285)","(nan, 0.017919404684100134)","(nan, -0.006013824018816765)","(nan, -0.37221652649178977)","(nan, -0.2735373826999005)","(nan, 0.2500372769005834)","(nan, -0.10463187990556462)","(nan, -0.19898273118550702)","(nan, -0.820553840717424)","(nan, -0.14764509578003068)","(nan, -0.14468721290424788)","(nan, -0.13584436803783495)","(nan, -0.13518528025832371)","(nan, -0.06705455530964544)","(nan, 0.06110417652273319)","(nan, 0.10337301592808583)","(nan, -0.5821441974714505)","(nan, -0.15632053524907405)","(nan, -0.011330893169230902)"
64,"(nan, 0.4266858397484236)","(nan, 0.08578873159073444)","(nan, 0.011136146706162621)","(nan, 0.2568749308126932)","(nan, -0.22505103896224846)","(nan, -0.008794435308867475)","(nan, 0.25699432981930215)","(nan, -0.03944736475406581)","(nan, 0.053017440155186175)","(nan, -0.11192005347839737)","(nan, -0.09000115539696836)","(nan, 0.03112878643321076)","(nan, -0.08912912170971111)","(nan, 0.13016457104330567)","(nan, -0.30058601826845727)","(nan, 0.06306988095870995)","(nan, -0.01829726045305065)","(nan, -0.027475336220973385)","(nan, -0.04298574740561723)","(nan, 0.03830122828794983)","(nan, 0.013914715652442166)","(nan, -0.2770594406861779)","(nan, 0.1827370217048786)","(nan, -0.07986433236237918)","(nan, 0.10250333222107022)"
65,"(nan, 0.5343086765935485)","(nan, -0.3937909015739517)","(nan, 0.010545727416495858)","(nan, -0.06940150216124727)","(nan, -0.41495857376899437)","(nan, 0.23361359196978873)","(nan, 0.11392534055880445)","(nan, -0.05376969996260621)","(nan, -0.08429723130902986)","(nan, 0.015940069512254764)","(nan, -0.47966012178021045)","(nan, 0.0844556039098929)","(nan, 0.16819870480921129)","(nan, -0.4105092192419185)","(nan, 0.35092582235065667)","(nan, -0.20378232581001424)","(nan, -0.01714018703878811)","(nan, -0.20971309984292427)","(nan, -0.09608969639918795)","(nan, 0.4049866216024568)","(nan, -0.02986743658067522)","(nan, -0.028321124693766096)","(nan, -0.06845398216141145)","(nan, 0.050154618484672585)","(nan, -0.11051533020214029)"
66,"(nan, 0.19814388485531426)","(nan, -0.5264828378211509)","(nan, -0.04710173530443333)","(nan, -0.14516745142390997)","(nan, -0.31000776463703655)","(nan, 0.2718874228504788)","(nan, -0.20419159272311074)","(nan, -0.04099924408896213)","(nan, -0.07163322423198853)","(nan, 0.09804886129371017)","(nan, 0.055534249424541375)","(nan, 0.014234609363571094)","(nan, 0.02211473289715499)","(nan, -0.507656446539894)","(nan, 0.7491096589601548)","(nan, -0.1648128792245196)","(nan, 0.0644046446608501)","(nan, -0.12390024428572662)","(nan, -0.3321731709987947)","(nan, 0.22866024425762657)","(nan, -0.03182528881885806)","(nan, -0.11587211543436884)","(nan, -0.029443605736769175)","(nan, 0.15380616458214827)","(nan, -0.16327545492336484)"
67,"(nan, 0.27889559886730997)","(nan, -0.01983092756293867)","(nan, 0.29427842448045827)","(nan, -0.18508627717838538)","(nan, 0.18976685197861778)","(nan, 0.07426955009049913)","(nan, 0.5133940636118796)","(nan, 0.00948788180920673)","(nan, -0.0032739867352779765)","(nan, 0.06605526884862817)","(nan, -0.5391830033330617)","(nan, 0.6703621022106753)","(nan, -0.3746950746151921)","(nan, 0.15928091403447497)","(nan, -0.46640546790663895)","(nan, 0.037185514050325386)","(nan, -0.10763545472540625)","(nan, -0.1969202091432376)","(nan, -0.2055488230109926)","(nan, 0.1700142063039781)","(nan, 0.10421781128935466)","(nan, 0.15245292792020979)","(nan, -0.22150306112841123)","(nan, -0.2790426457961837)","(nan, -0.01721009914072226)"
68,"(nan, -0.0987473736262862)","(nan, -0.4430886705434023)","(nan, -0.0407458011762845)","(nan, -0.49354874195440307)","(nan, -0.35556791435704377)","(nan, 0.08729642396101063)","(nan, 0.19976189803489605)","(nan, 0.018989976349440003)","(nan, -0.04019661808907542)","(nan, -0.20933116337164764)","(nan, -0.41117411901000295)","(nan, -0.18303280476031009)","(nan, 0.7140800478034964)","(nan, -0.5532974973891348)","(nan, -0.9707282581649161)","(nan, -0.47966408496694374)","(nan, -0.10149020096229844)","(nan, -0.11820271359830355)","(nan, 0.15919208452194925)","(nan, 0.26384566488846883)","(nan, 0.003329231193493275)","(nan, 0.7271386456378484)","(nan, -0.6710149268722706)","(nan, -0.19153055291840224)","(nan, -0.3130057210173415)"
69,"(nan, -0.06094401360478018)","(nan, -0.1495950474162011)","(nan, 0.03008028852263414)","(nan, -0.16533317324435284)","(nan, 0.19045729543447068)","(nan, 0.048911691463938776)","(nan, -0.03155175736490518)","(nan, 0.03576999636720282)","(nan, 0.04042027811517653)","(nan, -0.03687553614694242)","(nan, 0.5880987902883813)","(nan, -0.03568590772164717)","(nan, -0.1508664494001867)","(nan, 0.08269655483877278)","(nan, 0.3600936962702339)","(nan, 0.03783959106323757)","(nan, 0.11617285439226151)","(nan, -0.003550998437411474)","(nan, -0.12116754244724921)","(nan, -0.13098994913651493)","(nan, 0.02119337308798363)","(nan, 0.14393824040104003)","(nan, 0.029260373727115034)","(nan, 0.051352368494253196)","(nan, 0.014208268415157186)"
70,"(nan, 0.5347587676425525)","(nan, -0.017307394638878225)","(nan, 0.1380193790320494)","(nan, -0.2896376893066047)","(nan, 0.15503095524995522)","(nan, 0.08103636430065081)","(nan, 0.6750720101210327)","(nan, -0.013940116083560977)","(nan, -0.058787911750265924)","(nan, 0.11394677249687254)","(nan, -0.8074889394235679)","(nan, 0.2854338617987346)","(nan, 0.05764500756966964)","(nan, -0.043178043366048656)","(nan, -0.2614909421220242)","(nan, -0.07197436982720284)","(nan, 0.029018935276696477)","(nan, -0.16664026055295175)","(nan, 0.2473118926992757)","(nan, 0.2691766893400046)","(nan, 0.00746684594382584)","(nan, 0.466026118917826)","(nan, -0.11225052876811664)","(nan, -0.11168834581135634)","(nan, 0.027892049211185495)"
71,"(nan, -0.30149039429903723)","(nan, 0.01892392214332808)","(nan, 0.11407458201035617)","(nan, -0.5832055458832357)","(nan, 0.27168925716960485)","(nan, 0.08087696061116566)","(nan, -0.04200445901818562)","(nan, 0.06510867039078026)","(nan, -0.020745302442938297)","(nan, 0.2825873914458168)","(nan, 1.3306648115978263)","(nan, 0.02344789820649704)","(nan, 0.2089324551500671)","(nan, 0.055037401485904025)","(nan, 0.7801088975878201)","(nan, -0.020496546008063752)","(nan, 0.1431078163592314)","(nan, 0.1947097466455704)","(nan, 0.1561945725861018)","(nan, 0.1288084877783063)","(nan, 0.02848326820994348)","(nan, 0.21161579954783408)","(nan, 0.2691946706843056)","(nan, 0.35199325693619665)","(nan, -0.1427476488125578)"
72,"(nan, -0.7862200804504019)","(nan, -0.14112334900172935)","(nan, 0.020170421739820008)","(nan, -0.3728697082556847)","(nan, 0.35384875785246467)","(nan, 0.09945441590462183)","(nan, -0.6501152769146279)","(nan, 0.05583931143171376)","(nan, -0.020887793202816026)","(nan, 0.36320281460772746)","(nan, 1.709720323191876)","(nan, -0.04249319324717893)","(nan, 0.000873188710063557)","(nan, -0.08150319191267758)","(nan, 1.2984208936249837)","(nan, 0.011314620863635617)","(nan, 0.1986248307641652)","(nan, 0.23469318939856973)","(nan, -0.17163790730070796)","(nan, -0.12800447602097523)","(nan, 0.01017619121504796)","(nan, -0.029024270667977147)","(nan, 0.3359908229612663)","(nan, 0.371825379433678)","(nan, -0.1716078050415769)"
73,"(nan, 0.29310769971676626)","(nan, 0.04539236870836087)","(nan, 0.22465801487786344)","(nan, -0.1577603967476917)","(nan, 0.06180714276365913)","(nan, 0.09806807410065373)","(nan, 0.41935280348401166)","(nan, 0.007734604322477327)","(nan, 0.06836152393675334)","(nan, 0.07235059630720997)","(nan, 0.6552085841618339)","(nan, 0.32909528179585923)","(nan, -0.19360905163534128)","(nan, 0.19216361619367878)","(nan, 0.004098927309837656)","(nan, 0.07849008552136753)","(nan, 0.05340088910698956)","(nan, 0.014784204563153394)","(nan, -0.13883809391997295)","(nan, 0.08746465988818325)","(nan, 0.09191557434466224)","(nan, -0.009847378676848062)","(nan, 0.2604717794226096)","(nan, -0.0014668677307034142)","(nan, 0.002922034582711043)"
74,"(nan, 0.14053644783567024)","(nan, -0.1551243839475039)","(nan, -0.03445256537601193)","(nan, -0.5655315783284361)","(nan, -0.1656481084499832)","(nan, -0.08479546388772184)","(nan, 0.4250277592017858)","(nan, -0.02570299181271935)","(nan, -0.0525984714425956)","(nan, -0.2428692179386949)","(nan, -0.11846995022458441)","(nan, 0.4094884918668094)","(nan, 0.19174412738349592)","(nan, 0.03814055287712354)","(nan, -0.8714558284100368)","(nan, -0.14695584243901247)","(nan, -0.2777903259615412)","(nan, -0.08442926931263309)","(nan, 0.18758975881918838)","(nan, -0.03948964111084577)","(nan, -0.0018211484879942217)","(nan, 0.35941199630797727)","(nan, -0.10493289587359665)","(nan, -0.24011493777892481)","(nan, -0.15428207805376537)"
75,"(nan, 0.28271840089157546)","(nan, -0.26684298034428316)","(nan, -0.22445799287209567)","(nan, -0.3966708210876246)","(nan, -0.26926598332817425)","(nan, 0.07537972376261444)","(nan, 0.23360492347980444)","(nan, -0.0031607800913832553)","(nan, 0.005683324267261738)","(nan, -0.2980286708732473)","(nan, 0.12422251945727375)","(nan, 0.08171626879414298)","(nan, 0.01641850239193163)","(nan, -0.2041390127013666)","(nan, -0.6385728731763874)","(nan, -0.15499769629428112)","(nan, 0.0013831916610176122)","(nan, -0.06391715321659479)","(nan, -0.12451410426278867)","(nan, 0.05174948681344164)","(nan, 0.04877944350697256)","(nan, -0.08897174091909281)","(nan, -0.29767203871966136)","(nan, -0.0059554417848221965)","(nan, -0.06014980868877483)"
76,"(nan, -0.2091954944346102)","(nan, -0.13298090836679316)","(nan, -0.12408763633402942)","(nan, -0.47152489610416565)","(nan, 0.04733771879370362)","(nan, -0.07007686557057641)","(nan, 0.15615686532884074)","(nan, 0.0252528496321907)","(nan, -0.018289980433175868)","(nan, -0.1361421754668494)","(nan, 0.4584676086555889)","(nan, 0.2042782898515215)","(nan, 0.10992218163165232)","(nan, -0.058943701468621844)","(nan, -0.43672219512119903)","(nan, -0.13233654909200865)","(nan, -0.09370423985029093)","(nan, 0.021554437025508254)","(nan, 0.10870622635387087)","(nan, -0.11797266000335267)","(nan, 0.023328355087560343)","(nan, 0.3529957496703822)","(nan, -0.20524271449036122)","(nan, -0.059462817274837154)","(nan, -0.0897933370253998)"
77,"(nan, 0.6637571632993428)","(nan, 0.47778561733869623)","(nan, 0.04733850346652645)","(nan, -0.26761307609731744)","(nan, -0.1177853049998699)","(nan, -0.062246827861562576)","(nan, 0.791746123653837)","(nan, -0.015841068335977846)","(nan, -0.036693118272452876)","(nan, -3.284922903101687e-05)","(nan, -1.1665249575108156)","(nan, -0.00815238789269458)","(nan, 0.2057646606400517)","(nan, 0.038687622108327976)","(nan, -0.488744999237403)","(nan, 0.16566566244286127)","(nan, -0.18130964467426636)","(nan, 0.14910896283411368)","(nan, 0.5644545157674469)","(nan, 0.19593989989508387)","(nan, -0.045686005460110916)","(nan, 0.37301056507855784)","(nan, -0.05832559857454709)","(nan, 0.20164113879728127)","(nan, 0.04423980787354102)"
78,"(nan, 0.5699749162781164)","(nan, 0.4909325862022807)","(nan, -0.026939080871029593)","(nan, -0.21636474206908668)","(nan, -0.21108140127468897)","(nan, -0.06495293527644813)","(nan, 0.718587259433736)","(nan, -0.017350114358387063)","(nan, -0.030646158014981554)","(nan, -0.0250813369250554)","(nan, -1.0479609467214914)","(nan, 0.04087043706299874)","(nan, 0.19336142707567822)","(nan, -0.08915227714026613)","(nan, -0.5733136251892844)","(nan, 0.14185677818440037)","(nan, -0.19371067567674857)","(nan, 0.15571093824395077)","(nan, 0.48478684229042224)","(nan, 0.1706933023504126)","(nan, -0.021991680040508565)","(nan, 0.2940803035293236)","(nan, -0.07620194817922477)","(nan, 0.2468462399738256)","(nan, 0.04786913774959706)"
79,"(nan, -0.9782392343359664)","(nan, 0.37691409517227203)","(nan, -0.4956217588038365)","(nan, 0.45096241245102053)","(nan, -0.19454968344149864)","(nan, -0.11696454760690837)","(nan, -0.5896259951216974)","(nan, -0.04771025398093946)","(nan, -0.014450244204795322)","(nan, 0.2469219015881793)","(nan, 0.7973973156005313)","(nan, 0.25403267969685656)","(nan, -0.1641005326130767)","(nan, -0.9082849969128974)","(nan, 0.3005667344801745)","(nan, 0.05326720979348362)","(nan, -0.06727299099172768)","(nan, 0.27845751840351585)","(nan, -0.2666735341598701)","(nan, -0.5514890369052262)","(nan, 0.027738333912943888)","(nan, -0.13029195519322323)","(nan, 0.2955737720598097)","(nan, 0.4785685245561389)","(nan, 0.07772719001332644)"
80,"(nan, 0.12036796373689503)","(nan, -0.0023768159264984244)","(nan, -0.09710261662888267)","(nan, 0.16311723217911722)","(nan, -0.118778754366436)","(nan, 0.007561567492726189)","(nan, -0.20781348151718385)","(nan, -0.01099103130538318)","(nan, 0.01710043095041915)","(nan, -0.11750909009349328)","(nan, -0.14465629597927548)","(nan, -0.08372189527399075)","(nan, -0.1398578489566254)","(nan, 0.0717476920580646)","(nan, 0.010041295561760257)","(nan, 0.07955384224902708)","(nan, 0.020820069219123424)","(nan, 0.008742093893908585)","(nan, -0.1320362626613493)","(nan, -0.01262417365784991)","(nan, 0.007718619677536987)","(nan, -0.4300748208717534)","(nan, 0.013082958937652414)","(nan, 0.028666065289179848)","(nan, 0.060602478951077184)"
81,"(nan, -0.3768191931413523)","(nan, -0.1366011452356434)","(nan, -0.13381354008544152)","(nan, -0.024246230684123463)","(nan, 0.014217204424581938)","(nan, -0.02764854504882599)","(nan, -0.27578826807072476)","(nan, -0.0033496167728921337)","(nan, 0.01837449711368649)","(nan, -0.1559226625657968)","(nan, 0.6021237027294937)","(nan, 0.45721879691183004)","(nan, -0.3505068548447269)","(nan, -0.057238493027374486)","(nan, -0.24634515763589124)","(nan, -0.02085267369628025)","(nan, -0.089045216220279)","(nan, -0.054284527008066505)","(nan, -0.3875376525583003)","(nan, -0.30266436402939156)","(nan, 0.0854874778880803)","(nan, -0.21493078573368346)","(nan, -0.04050534401021888)","(nan, -0.13230830201630514)","(nan, -0.019949473949519427)"
82,"(nan, 0.009981330972377838)","(nan, 0.23898121360498717)","(nan, -0.27428292605427035)","(nan, 0.1199343615335781)","(nan, -0.24858009071346793)","(nan, -0.19920957130114658)","(nan, 0.1791888082558583)","(nan, -0.05327774431174908)","(nan, -0.027970364107017823)","(nan, -0.24577173469931082)","(nan, -0.5018616217785001)","(nan, 0.30273676337999744)","(nan, 0.06287735778340144)","(nan, -0.1085742326217378)","(nan, -1.0478497175439445)","(nan, -0.052234536310968756)","(nan, -0.27152932232396315)","(nan, 0.01985056462131752)","(nan, 0.21285376524343538)","(nan, -0.1812025446516884)","(nan, 0.006100429833206217)","(nan, -0.02645019409371011)","(nan, -0.11784690017982612)","(nan, -0.1642424884944902)","(nan, 0.06393717428545999)"
83,"(nan, 0.3673507956965916)","(nan, -0.0025286229648293383)","(nan, 0.0040913629083837045)","(nan, -0.5174982938936151)","(nan, 0.09901752601692879)","(nan, 0.21602714518085472)","(nan, 0.20933831157950109)","(nan, 0.02438073683133011)","(nan, 0.017429699989415386)","(nan, 0.25015885103821556)","(nan, 1.7533673185328362)","(nan, -0.2822661794612151)","(nan, 0.18367748255872096)","(nan, 0.08678109433272524)","(nan, 1.1499295807134704)","(nan, 0.018594149141689203)","(nan, 0.3728763216579906)","(nan, 0.26016151796525194)","(nan, 0.18426777792759327)","(nan, 0.24742635107460687)","(nan, -0.004437479404353739)","(nan, -0.184390090886226)","(nan, 0.5710655224739309)","(nan, 0.563057146049249)","(nan, -0.03463397600358231)"
84,"(nan, 0.22636595469340587)","(nan, -0.011128048220828989)","(nan, -0.032053787275201896)","(nan, -0.4542646251893583)","(nan, 0.1142822566753621)","(nan, 0.21380000306318403)","(nan, 0.062494367865214506)","(nan, 0.023157510360144736)","(nan, 0.017547862204102867)","(nan, 0.2784626862019575)","(nan, 1.892443745791301)","(nan, -0.2558956232445923)","(nan, 0.11404694599466011)","(nan, 0.03742733911334998)","(nan, 1.2649680390000901)","(nan, 0.03020168086806715)","(nan, 0.3840509346311309)","(nan, 0.27000378418234927)","(nan, 0.09190465580129802)","(nan, 0.18260224696402594)","(nan, 0.0009058094304073676)","(nan, -0.2682236664193815)","(nan, 0.6021258520131412)","(nan, 0.5881152704687457)","(nan, -0.02969864036713138)"
85,"(nan, 0.4332309194285645)","(nan, -0.3519993527161002)","(nan, -0.009584428667491722)","(nan, -0.8538994591796035)","(nan, -0.2697052505126283)","(nan, 0.17145801129171243)","(nan, 0.8706606455648535)","(nan, 0.04432775591621184)","(nan, 0.048037566512534276)","(nan, -0.26132511113227)","(nan, -0.16823638936735003)","(nan, -0.3881064702450444)","(nan, 0.6204800296654023)","(nan, -0.33994206181246345)","(nan, -1.6029444090106708)","(nan, -0.4382660886383127)","(nan, 0.16523515549520157)","(nan, -0.09751386810495954)","(nan, 0.11686123918122669)","(nan, 0.40095010957463906)","(nan, 0.05659411630106498)","(nan, 0.5485440002968147)","(nan, -0.6972824155192001)","(nan, -0.13332660664864937)","(nan, -0.2534338403376488)"
86,"(nan, -0.6334442551662922)","(nan, -0.6932147168095927)","(nan, -0.09447947735009266)","(nan, -0.23965107556537035)","(nan, -0.09807086131060645)","(nan, 0.13097703096144558)","(nan, -1.1507457205276024)","(nan, 0.02314384990266183)","(nan, -0.07433115532523371)","(nan, -0.0230429216725726)","(nan, -0.038541549418359196)","(nan, -0.2828436117633878)","(nan, -0.16090378040632392)","(nan, -0.21226400252297067)","(nan, 0.8735183756924181)","(nan, -0.021502137827833268)","(nan, 0.025732109836151307)","(nan, -0.11060127012983442)","(nan, -0.667175565927925)","(nan, -0.08552025753482113)","(nan, -0.06285641342856094)","(nan, -0.48753501581233055)","(nan, -0.22740947379937712)","(nan, 0.0864592370073272)","(nan, -0.2627387894349356)"
87,"(nan, 0.34020524939668234)","(nan, -0.11757061084210182)","(nan, -0.10994509333757088)","(nan, -0.37054094404410065)","(nan, -0.10670157333527014)","(nan, -0.032348012526803124)","(nan, 0.3385728561644366)","(nan, -0.001370092521670568)","(nan, -0.010956927000315177)","(nan, -0.27655240708994994)","(nan, -0.11229036693748815)","(nan, 0.21302055245693433)","(nan, -0.04522799633214905)","(nan, 0.08667669365050248)","(nan, -0.44083515987988825)","(nan, -0.011151787640382906)","(nan, -0.1413095069023774)","(nan, -0.022321267808876052)","(nan, 0.10919048542368567)","(nan, -0.025772803099825856)","(nan, 0.011790984937580637)","(nan, 0.1344799189726806)","(nan, -0.19486935533203553)","(nan, -0.06628574087788304)","(nan, -0.006318038831034933)"
88,"(nan, 0.26601864645717543)","(nan, -0.16066534079968373)","(nan, -0.13857035179283972)","(nan, 0.08176357870645592)","(nan, -0.14535914737862476)","(nan, 0.05284937086486935)","(nan, -0.1368269927515343)","(nan, -0.03547468159033192)","(nan, -0.025764653566335213)","(nan, -0.15249456075305556)","(nan, -0.6415147609780983)","(nan, 0.01226187447389648)","(nan, -0.1889657593743116)","(nan, -0.038837302258671234)","(nan, -0.1589019064918518)","(nan, 0.014849167128503716)","(nan, -0.019058947382502352)","(nan, -0.07764682806967978)","(nan, -0.17225059210192736)","(nan, 0.024811143784520293)","(nan, -0.01030569662433634)","(nan, -0.3958722051409007)","(nan, -0.18697879602672676)","(nan, -0.08808277511788379)","(nan, 0.022993100696697223)"
89,"(nan, -0.24273843557024952)","(nan, -0.07036601295561762)","(nan, -0.17658690945649952)","(nan, -0.003880945125699338)","(nan, 0.03408820276469772)","(nan, -0.04977841588999474)","(nan, -0.07322531949132902)","(nan, -0.007241543261895409)","(nan, 0.02072170174854982)","(nan, -0.08345295074761803)","(nan, 0.7152189470489779)","(nan, 0.30904238591847155)","(nan, -0.21722296120020618)","(nan, -0.1310281907857719)","(nan, 0.020783058142875)","(nan, -0.00586260642577491)","(nan, -0.04408832712089991)","(nan, 0.03433948345086531)","(nan, -0.141071388358412)","(nan, -0.310111879357358)","(nan, 0.0412641128892936)","(nan, 0.07671118146908812)","(nan, 0.05910976092413576)","(nan, -0.005499570644554052)","(nan, 0.049024777163506575)"
90,"(nan, 0.7622960588086163)","(nan, -0.3738958782433841)","(nan, -0.28143466927854943)","(nan, -0.9410989059764605)","(nan, -0.3262653357508057)","(nan, 0.16955900135629598)","(nan, 1.0038368907851014)","(nan, 0.019915903004286674)","(nan, 0.06184708197945016)","(nan, -0.47939728271533777)","(nan, -0.2551016645151971)","(nan, -0.6022114514983256)","(nan, 0.5897509968717096)","(nan, -0.3356888187568531)","(nan, -1.9833537630616789)","(nan, -0.4494705278943362)","(nan, 0.2799891217857106)","(nan, -0.06064645941417312)","(nan, 0.19453620913565842)","(nan, 0.30249181158403443)","(nan, 0.03564001604377501)","(nan, 0.3188288706800706)","(nan, -0.7719402929694272)","(nan, -0.11472854050228432)","(nan, -0.16399982352021444)"
91,"(nan, 0.03779766876339492)","(nan, 0.09983591196850271)","(nan, 0.47649505423629285)","(nan, -0.09788582144386908)","(nan, 0.4364895403092502)","(nan, 0.11143779925028116)","(nan, 0.5021504857297259)","(nan, 0.05986377991246648)","(nan, 0.038686038378177884)","(nan, 0.24976436193849094)","(nan, 0.042716995977917255)","(nan, 0.7925674276452868)","(nan, -0.4462713118723365)","(nan, 0.197120619612894)","(nan, -0.08145460670226068)","(nan, 0.06249941571918632)","(nan, -0.012988561417387403)","(nan, -0.17405924114793933)","(nan, -0.25343358759215356)","(nan, 0.20586357173879946)","(nan, 0.17599379609700913)","(nan, 0.3522334913569736)","(nan, -0.14312636482109573)","(nan, -0.2036902931597946)","(nan, 0.016190494009006726)"
92,"(nan, 0.09108389777022018)","(nan, -0.09642643344427397)","(nan, -0.19793986835277408)","(nan, -0.1292394007649776)","(nan, -0.13446710136096074)","(nan, -0.0697506550558823)","(nan, 0.0361205122579295)","(nan, -0.017917906801371307)","(nan, -0.014717585075791614)","(nan, -0.2507975584801367)","(nan, -0.14238664568232737)","(nan, 0.13929791212062959)","(nan, -0.11379309557896282)","(nan, 0.014357168766226279)","(nan, -0.44492363541533014)","(nan, -0.012759633811533545)","(nan, -0.11596087453915899)","(nan, -0.04854138015931261)","(nan, -0.04652757926266794)","(nan, -0.1353884860194033)","(nan, -0.002093889015589945)","(nan, -0.13600015900306447)","(nan, -0.1447888885829124)","(nan, -0.08782161473800561)","(nan, 0.017306117804924914)"
93,"(nan, -0.12751251799645955)","(nan, 0.05664978270889485)","(nan, -0.25556588234741706)","(nan, 0.22655906568532194)","(nan, -0.13335468140679388)","(nan, -0.0788340483315767)","(nan, -0.26023655636869286)","(nan, -0.03040989188994254)","(nan, -0.008959625336291273)","(nan, -0.1385187540179645)","(nan, -0.021712885675501403)","(nan, 0.012728410290228469)","(nan, -0.01496474187771082)","(nan, -0.09873132891775661)","(nan, -0.2659508368756288)","(nan, -0.03218160319261642)","(nan, -0.04874302476425641)","(nan, 0.04476467444276023)","(nan, 0.003608601935489244)","(nan, -0.1482705038784106)","(nan, -0.0003505910780814475)","(nan, -0.2943488272140827)","(nan, -0.029193412336162575)","(nan, -0.032856971397326545)","(nan, 0.060543687655079184)"
94,"(nan, 0.030544652605142348)","(nan, -0.16768839828138554)","(nan, -0.2123997765319672)","(nan, -0.22947425389069603)","(nan, -0.24675523307003241)","(nan, -0.08721688783080252)","(nan, 0.06036757258359519)","(nan, -0.04375338761791185)","(nan, -0.027917827470995856)","(nan, -0.3524152869327561)","(nan, 0.04307888595186761)","(nan, 0.4031497856583135)","(nan, -0.039634331605538316)","(nan, -0.026962558507164724)","(nan, -0.7711724167274678)","(nan, -0.10655137646251898)","(nan, -0.2583751976478146)","(nan, -0.060056612836097846)","(nan, -0.035757019118226985)","(nan, -0.20576183741739007)","(nan, 0.01798064124832202)","(nan, -0.05425984005553491)","(nan, -0.11576865609753652)","(nan, -0.23275094983336478)","(nan, -0.07276203140929842)"
95,"(nan, 0.426873203201182)","(nan, -0.07980123574598635)","(nan, 0.04080636787408697)","(nan, -0.24564030621888908)","(nan, 0.2366221006612915)","(nan, 0.03275209366689344)","(nan, 0.484615074866599)","(nan, -0.058809257846423955)","(nan, -0.07036125389392915)","(nan, 0.10467481513535734)","(nan, -0.4805631831779051)","(nan, 0.3266247907211938)","(nan, -0.04962264723125505)","(nan, 0.06785518666332079)","(nan, -0.11464636791573903)","(nan, -0.03198586195856866)","(nan, -0.007600665113683113)","(nan, -0.06504273963388071)","(nan, 0.24903507191365087)","(nan, 0.005543302606580408)","(nan, -0.04385241915097821)","(nan, 0.32454220844705084)","(nan, 0.08018626302768445)","(nan, -0.22082128638904489)","(nan, 0.01316439851453213)"
96,"(nan, 0.08804621858819954)","(nan, -0.13164698717897813)","(nan, 0.26382172232976225)","(nan, -0.13376719019367897)","(nan, 0.276180986352414)","(nan, 0.08208138447712922)","(nan, 0.25198652448840253)","(nan, 0.038098829664150964)","(nan, 0.0040718332134214025)","(nan, 0.07070707174441541)","(nan, -0.4772581034033448)","(nan, 0.542933765520013)","(nan, -0.5103200587750293)","(nan, 0.14089324801556727)","(nan, -0.1334173217977921)","(nan, 0.07640870510292556)","(nan, -0.040936127272820574)","(nan, -0.22882436580247353)","(nan, -0.3739622249473236)","(nan, 0.10364231531691058)","(nan, 0.09859475421189531)","(nan, 0.09579429124430766)","(nan, -0.32261590852358435)","(nan, -0.22017008223227522)","(nan, 0.008575071905991681)"
97,"(nan, -0.28460946859728176)","(nan, -0.25772001032642583)","(nan, -0.09957810073805043)","(nan, -0.059555666649220816)","(nan, 0.20336500826014214)","(nan, -0.14221224207795424)","(nan, -0.0750783226909617)","(nan, -0.09903048125067697)","(nan, -0.05173277619541776)","(nan, 0.002344074312547195)","(nan, 0.3486796341634204)","(nan, 0.31253034643738414)","(nan, -0.16751773722974203)","(nan, 0.08834783111741518)","(nan, 0.022512954552082368)","(nan, -0.01277658576629758)","(nan, -0.19258508696797388)","(nan, 0.03460201175805202)","(nan, 0.02493403360447113)","(nan, -0.6068439734297122)","(nan, -0.12436720992159658)","(nan, 0.29501992886693296)","(nan, 0.3036917716705513)","(nan, -0.4055675868512681)","(nan, -0.07809032279455438)"
98,"(nan, -0.3654767370558824)","(nan, -0.36871982723597035)","(nan, -0.11695070395842222)","(nan, -0.0418117716784366)","(nan, 0.20619945379383037)","(nan, -0.09484120436637841)","(nan, -0.29719375827037464)","(nan, -0.08463242066526945)","(nan, -0.048028262216283424)","(nan, 0.01319548383529899)","(nan, 0.4006598949714681)","(nan, 0.17825993569644488)","(nan, -0.24205332334607269)","(nan, 0.039922484065217714)","(nan, 0.34440509095791316)","(nan, 0.01581606936337516)","(nan, -0.13610508235360988)","(nan, 0.03761230381159947)","(nan, -0.12077983373635645)","(nan, -0.6129897225741098)","(nan, -0.13205043770664904)","(nan, 0.1886312252552117)","(nan, 0.2484189354096902)","(nan, -0.32331865375936497)","(nan, -0.09106627170361307)"
99,"(nan, 0.09712786543508112)","(nan, -0.12482092154971416)","(nan, -0.15475229894236153)","(nan, -0.4725334771150041)","(nan, -0.2085066595832082)","(nan, -0.11028978691832812)","(nan, 0.30932540382104595)","(nan, 0.003549011557228826)","(nan, -0.04361865187022296)","(nan, -0.35652919727353377)","(nan, -0.5676588265118353)","(nan, 0.1906886106489597)","(nan, 0.21696410400122038)","(nan, -0.04534312741496421)","(nan, -1.124502309639201)","(nan, -0.1616097127275117)","(nan, -0.24863340033254275)","(nan, -0.08909754757181622)","(nan, 0.1934869209642101)","(nan, 0.0049783132989152275)","(nan, 0.008520315300987076)","(nan, 0.28984330125864416)","(nan, -0.44590536211091863)","(nan, -0.20434133809694388)","(nan, -0.10258505278536216)"
